params,H_true,full,front,belly,back
market,NA,0.1069,0.1652,0.0966,0.0219
spx_fit,0.05,-0.0398,0.0801,-0.0461,-0.1915
spx_fit,0.1,-0.0404,0.0735,-0.0459,-0.1887
spx_fit,0.15,-0.0404,0.0668,-0.045,-0.1856
spx_fit,0.2,-0.04,0.0595,-0.0432,-0.1822
spx_fit,0.3,-0.0365,0.048,-0.0368,-0.1745
spx_fit,0.4,-0.0271,0.0482,-0.0252,-0.1652
spx_fit,0.5,-0.0078,0.0742,-0.0064,-0.154
reference,0.05,0.0007,0.0135,0.0007,-0.0193
reference,0.1,0.0171,0.0312,0.0178,-0.0063
reference,0.15,0.04,0.0622,0.0407,0.0075
reference,0.2,0.0698,0.1058,0.0701,0.0222
reference,0.3,0.1493,0.2221,0.1502,0.0547
reference,0.4,0.2509,0.3564,0.2558,0.0933
reference,0.5,0.3649,0.4832,0.3772,0.1408
